{"cameraMode":{"drawMode":0,"name":"Shaded","section":"Shading Mode"},"sceneLighting":true,"audioPlay":false,"sceneViewState":{"m_AlwaysRefresh":false,"showFog":true,"showSkybox":true,"showFlares":true,"showImageEffects":true,"showParticleSystems":true,"showVisualEffectGraphs":true,"m_FxEnabled":true},"in2DMode":false,"pivot":{"x":0.40785932540893557,"y":0.48559850454330447,"z":-0.0027260780334472658},"rotation":{"x":-0.01327030174434185,"y":-0.18343831598758698,"z":-0.0024765701964497568,"w":0.9829384684562683},"size":3.0513463020324709,"orthographic":false}