{"cameraMode":{"drawMode":0,"name":"Shaded","section":"Shading Mode"},"sceneLighting":true,"audioPlay":false,"sceneViewState":{"m_AlwaysRefresh":false,"showFog":true,"showSkybox":true,"showFlares":true,"showImageEffects":true,"showParticleSystems":true,"showVisualEffectGraphs":true,"m_FxEnabled":true},"in2DMode":false,"pivot":{"x":0.4090970456600189,"y":0.48861435055732729,"z":-0.0028838885482400657},"rotation":{"x":0.002153467619791627,"y":-0.8781015872955322,"z":0.0039512417279183868,"w":0.4784533381462097},"size":0.5578281879425049,"orthographic":false}